,collections,counts
0,000001,625
1,000002,625
2,000004,625
3,000005,625
4,000006,625
5,000007,625
6,000008,625
7,000009,625
8,000010,625
9,000011,625
10,000012,625
11,000014,625
12,000016,625
13,000017,625
14,000018,625
15,000019,625
16,000020,625
17,000021,625
18,000022,625
19,000023,625
20,000024,625
21,000025,625
22,000026,625
23,000027,625
24,000028,625
25,000029,625
26,000030,625
27,000031,625
28,000032,625
29,000033,625
30,000034,625
31,000035,625
32,000036,625
33,000037,625
34,000038,600
35,000039,625
36,000040,625
37,000042,625
38,000043,625
39,000045,625
40,000046,625
41,000048,625
42,000049,625
43,000050,625
44,000055,625
45,000056,625
46,000058,625
47,000059,625
48,000060,625
49,000061,625
50,000062,625
51,000063,625
52,000065,625
53,000066,625
54,000068,625
55,000069,625
56,000070,625
57,000078,625
58,000088,625
59,000089,625
60,000090,625
61,000096,625
62,000099,625
63,000100,625
64,000150,625
65,000151,625
66,000153,625
67,000155,625
68,000156,625
69,000157,625
70,000158,625
71,000159,625
72,000166,127
73,000301,625
74,000333,455
75,000338,625
76,000400,625
77,000401,625
78,000402,625
79,000403,600
80,000404,625
81,000407,625
82,000408,625
83,000409,625
84,000410,625
85,000411,625
86,000413,625
87,000415,625
88,000416,625
89,000417,625
90,000418,625
91,000419,625
92,000420,625
93,000421,625
94,000422,625
95,000423,625
96,000425,625
97,000426,625
98,000428,625
99,000429,625
100,000430,625
101,000488,625
102,000498,625
103,000501,625
104,000502,625
105,000503,625
106,000504,625
107,000505,625
108,000506,625
109,000507,625
110,000509,625
111,000510,625
112,000511,625
113,000513,625
114,000514,625
115,000516,625
116,000517,625
117,000518,625
118,000519,625
119,000520,625
120,000521,625
121,000523,625
122,000524,625
123,000525,625
124,000526,625
125,000528,625
126,000529,625
127,000530,625
128,000531,625
129,000532,625
130,000533,625
131,000534,625
132,000536,625
133,000537,625
134,000538,625
135,000539,625
136,000540,625
137,000541,625
138,000543,625
139,000544,625
140,000545,625
141,000546,625
142,000547,625
143,000548,625
144,000550,625
145,000551,625
146,000552,625
147,000553,625
148,000554,625
149,000555,625
150,000557,625
151,000558,625
152,000559,625
153,000560,625
154,000561,625
155,000563,625
156,000564,625
157,000565,625
158,000566,625
159,000567,625
160,000568,625
161,000570,625
162,000571,625
163,000572,625
164,000573,625
165,000576,625
166,000581,625
167,000582,625
168,000584,625
169,000585,625
170,000586,625
171,000587,625
172,000589,625
173,000590,625
174,000591,625
175,000592,625
176,000593,625
177,000594,607
178,000595,625
179,000596,625
180,000597,625
181,000598,625
182,000599,625
183,000600,625
184,000601,625
185,000603,625
186,000605,625
187,000606,625
188,000607,625
189,000608,625
190,000609,625
191,000610,625
192,000611,625
193,000612,625
194,000613,625
195,000615,625
196,000616,625
197,000617,625
198,000619,625
199,000620,625
200,000622,600
201,000623,625
202,000625,625
203,000626,625
204,000627,625
205,000628,625
206,000629,625
207,000630,625
208,000631,625
209,000632,625
210,000633,625
211,000635,625
212,000636,625
213,000637,625
214,000638,625
215,000639,625
216,000650,625
217,000651,625
218,000652,625
219,000655,625
220,000656,625
221,000657,625
222,000659,625
223,000661,625
224,000662,625
225,000663,625
226,000665,625
227,000666,625
228,000667,625
229,000668,625
230,000669,625
231,000670,600
232,000671,625
233,000672,552
234,000673,625
235,000676,625
236,000677,625
237,000678,625
238,000679,625
239,000680,625
240,000681,625
241,000682,625
242,000683,625
243,000685,625
244,000686,625
245,000687,625
246,000688,552
247,000690,625
248,000691,625
249,000692,625
250,000693,381
251,000695,625
252,000697,625
253,000698,625
254,000700,625
255,000701,625
256,000702,625
257,000703,625
258,000705,625
259,000707,625
260,000708,625
261,000709,625
262,000710,625
263,000711,625
264,000712,625
265,000713,625
266,000715,625
267,000716,625
268,000717,625
269,000718,625
270,000719,625
271,000720,625
272,000721,625
273,000722,625
274,000723,625
275,000725,625
276,000726,625
277,000727,625
278,000728,625
279,000729,625
280,000731,625
281,000732,625
282,000733,625
283,000735,625
284,000736,625
285,000737,625
286,000738,625
287,000739,625
288,000748,625
289,000750,625
290,000751,609
291,000752,625
292,000753,625
293,000755,625
294,000756,625
295,000757,600
296,000758,625
297,000759,625
298,000760,625
299,000761,625
300,000762,625
301,000766,625
302,000767,625
303,000768,625
304,000776,625
305,000777,625
306,000778,625
307,000779,625
308,000780,625
309,000782,625
310,000783,625
311,000785,625
312,000786,625
313,000788,625
314,000789,625
315,000790,625
316,000791,625
317,000792,625
318,000793,625
319,000795,625
320,000796,625
321,000797,625
322,000798,625
323,000799,625
324,000800,625
325,000801,625
326,000802,625
327,000803,625
328,000806,625
329,000807,625
330,000809,625
331,000810,625
332,000811,625
333,000812,625
334,000813,625
335,000815,625
336,000816,625
337,000818,625
338,000819,625
339,000820,625
340,000821,625
341,000822,625
342,000823,625
343,000825,625
344,000826,625
345,000828,625
346,000829,625
347,000830,625
348,000831,625
349,000833,625
350,000835,625
351,000836,625
352,000837,625
353,000838,625
354,000839,625
355,000848,625
356,000850,625
357,000851,625
358,000852,625
359,000856,625
360,000858,625
361,000859,625
362,000860,625
363,000861,625
364,000862,625
365,000863,625
366,000868,625
367,000869,625
368,000875,625
369,000876,625
370,000877,625
371,000878,625
372,000880,625
373,000881,625
374,000882,625
375,000883,625
376,000885,625
377,000886,625
378,000887,625
379,000888,625
380,000889,625
381,000890,625
382,000892,625
383,000893,625
384,000895,625
385,000897,625
386,000898,625
387,000899,625
388,000900,625
389,000901,625
390,000902,625
391,000903,625
392,000905,625
393,000906,625
394,000908,625
395,000909,625
396,000910,625
397,000911,625
398,000912,625
399,000913,625
400,000915,625
401,000916,625
402,000917,625
403,000918,625
404,000919,625
405,000920,625
406,000921,625
407,000922,625
408,000923,625
409,000925,625
410,000926,625
411,000927,625
412,000928,625
413,000929,625
414,000930,625
415,000931,625
416,000932,625
417,000933,625
418,000935,625
419,000936,625
420,000937,625
421,000938,625
422,000939,625
423,000948,625
424,000949,625
425,000950,625
426,000951,625
427,000952,625
428,000953,625
429,000955,625
430,000957,625
431,000958,625
432,000959,625
433,000960,625
434,000961,625
435,000962,625
436,000963,625
437,000965,625
438,000966,625
439,000967,625
440,000968,625
441,000969,625
442,000970,625
443,000971,625
444,000972,625
445,000973,625
446,000975,625
447,000976,625
448,000977,625
449,000978,625
450,000979,625
451,000980,625
452,000981,625
453,000982,625
454,000983,625
455,000985,625
456,000987,625
457,000988,625
458,000989,625
459,000990,625
460,000993,625
461,000995,625
462,000996,625
463,000997,625
464,000998,625
465,000999,625
466,001696,625
467,001896,625
468,002001,625
469,002002,625
470,002003,625
471,002004,625
472,002005,625
473,002006,625
474,002007,625
475,002008,625
476,002009,625
477,002010,625
478,002011,625
479,002012,625
480,002013,625
481,002014,625
482,002015,625
483,002016,625
484,002017,625
485,002018,625
486,002019,625
487,002020,625
488,002021,625
489,002022,625
490,002023,625
491,002024,625
492,002025,625
493,002026,625
494,002027,625
495,002028,625
496,002029,625
497,002030,625
498,002031,625
499,002032,625
500,002033,625
501,002034,625
502,002035,625
503,002036,625
504,002037,625
505,002038,625
506,002039,625
507,002040,625
508,002041,625
509,002042,625
510,002043,625
511,002044,625
512,002045,625
513,002046,625
514,002047,625
515,002048,625
516,002049,625
517,002050,625
518,002051,625
519,002052,625
520,002053,625
521,002054,625
522,002055,625
523,002056,625
524,002057,625
525,002058,625
526,002059,625
527,002060,625
528,002061,625
529,002062,625
530,002063,625
531,002064,625
532,002065,625
533,002066,625
534,002067,625
535,002068,625
536,002069,625
537,002070,625
538,002071,625
539,002072,625
540,002073,625
541,002074,625
542,002075,625
543,002076,625
544,002077,625
545,002078,625
546,002079,625
547,002080,625
548,002081,625
549,002082,625
550,002083,625
551,002084,625
552,002085,625
553,002086,625
554,002087,625
555,002088,625
556,002089,625
557,002090,625
558,002091,625
559,002092,625
560,002093,625
561,002094,625
562,002095,625
563,002096,625
564,002097,625
565,002098,625
566,002099,625
567,002100,625
568,002101,625
569,002102,625
570,002103,625
571,002104,625
572,002105,625
573,002106,625
574,002107,625
575,002108,625
576,002109,625
577,002110,625
578,002111,625
579,002112,625
580,002113,625
581,002114,625
582,002115,625
583,002116,625
584,002117,625
585,002118,625
586,002119,625
587,002120,625
588,002121,625
589,002122,625
590,002123,625
591,002124,625
592,002125,625
593,002126,625
594,002127,625
595,002128,625
596,002129,625
597,002130,625
598,002131,625
599,002132,625
600,002133,625
601,002134,625
602,002135,625
603,002136,625
604,002137,625
605,002138,625
606,002139,625
607,002140,625
608,002141,625
609,002142,625
610,002143,625
611,002144,625
612,002145,625
613,002146,625
614,002147,625
615,002148,625
616,002149,625
617,002150,625
618,002151,625
619,002152,625
620,002153,625
621,002154,625
622,002155,625
623,002156,625
624,002157,625
625,002158,625
626,002159,625
627,002160,625
628,002161,625
629,002162,625
630,002163,625
631,002164,625
632,002165,625
633,002166,625
634,002167,625
635,002168,625
636,002169,625
637,002170,625
638,002171,625
639,002172,625
640,002173,625
641,002174,625
642,002175,625
643,002176,625
644,002177,625
645,002178,625
646,002179,625
647,002180,625
648,002181,625
649,002182,625
650,002183,625
651,002184,625
652,002185,625
653,002186,625
654,002187,625
655,002188,625
656,002189,625
657,002190,625
658,002191,625
659,002192,625
660,002193,625
661,002194,625
662,002195,625
663,002196,625
664,002197,625
665,002198,625
666,002199,625
667,002200,625
668,002201,625
669,002202,625
670,002203,625
671,002204,625
672,002205,625
673,002206,625
674,002207,625
675,002208,625
676,002209,625
677,002210,625
678,002211,625
679,002212,625
680,002213,625
681,002214,625
682,002215,625
683,002216,625
684,002217,625
685,002218,625
686,002219,625
687,002220,625
688,002221,625
689,002222,625
690,002223,625
691,002224,625
692,002225,625
693,002226,625
694,002227,625
695,002228,625
696,002229,625
697,002230,625
698,002231,625
699,002232,625
700,002233,625
701,002234,625
702,002235,625
703,002236,625
704,002237,625
705,002238,625
706,002239,625
707,002240,625
708,002241,625
709,002242,625
710,002243,625
711,002244,625
712,002245,625
713,002246,625
714,002247,625
715,002248,625
716,002249,625
717,002250,625
718,002251,625
719,002252,625
720,002253,625
721,002254,625
722,002255,625
723,002256,625
724,002258,625
725,002259,625
726,002260,625
727,002261,625
728,002262,625
729,002263,625
730,002264,625
731,002265,625
732,002266,625
733,002267,625
734,002268,625
735,002269,625
736,002270,625
737,002271,625
738,002272,625
739,002273,625
740,002274,625
741,002275,625
742,002276,625
743,002277,625
744,002278,625
745,002279,625
746,002280,625
747,002281,625
748,002282,625
749,002283,625
750,002284,625
751,002285,625
752,002286,625
753,002287,625
754,002288,625
755,002289,625
756,002290,625
757,002291,625
758,002292,625
759,002293,625
760,002294,625
761,002295,625
762,002296,625
763,002297,625
764,002298,625
765,002299,625
766,002300,625
767,002301,625
768,002302,625
769,002303,625
770,002304,625
771,002305,625
772,002306,625
773,002307,625
774,002308,625
775,002309,625
776,002310,625
777,002311,625
778,002312,625
779,002313,625
780,002314,625
781,002315,625
782,002316,625
783,002317,625
784,002318,625
785,002319,625
786,002320,625
787,002321,625
788,002322,0
789,002323,625
790,002324,625
791,002325,625
792,002326,625
793,002327,625
794,002328,625
795,002329,625
796,002330,625
797,002331,625
798,002332,625
799,002333,625
800,002334,625
801,002335,625
802,002336,625
803,002337,625
804,002338,625
805,002339,625
806,002340,625
807,002341,625
808,002342,625
809,002343,625
810,002344,625
811,002345,625
812,002346,625
813,002347,625
814,002348,625
815,002349,625
816,002350,625
817,002351,625
818,002352,625
819,002353,625
820,002354,625
821,002355,625
822,002356,625
823,002357,625
824,002358,625
825,002359,625
826,002360,625
827,002361,625
828,002362,625
829,002363,625
830,002364,625
831,002365,625
832,002366,625
833,002367,625
834,002368,625
835,002369,625
836,002370,625
837,002371,625
838,002372,625
839,002373,625
840,002374,625
841,002375,625
842,002376,625
843,002377,625
844,002378,625
845,002379,625
846,002380,625
847,002381,625
848,002382,625
849,002383,625
850,002384,625
851,002385,625
852,002386,625
853,002387,625
854,002388,625
855,002389,625
856,002390,625
857,002391,625
858,002392,625
859,002393,625
860,002394,625
861,002395,625
862,002396,625
863,002397,625
864,002398,625
865,002399,625
866,002400,625
867,002401,625
868,002402,625
869,002403,625
870,002404,625
871,002405,625
872,002406,625
873,002407,625
874,002408,625
875,002409,625
876,002410,625
877,002411,625
878,002412,625
879,002413,625
880,002414,625
881,002415,625
882,002416,625
883,002417,625
884,002418,625
885,002419,625
886,002420,625
887,002421,625
888,002422,625
889,002423,625
890,002424,625
891,002425,625
892,002426,625
893,002427,625
894,002428,625
895,002429,625
896,002430,625
897,002431,625
898,002432,625
899,002433,625
900,002434,625
901,002435,625
902,002436,625
903,002437,625
904,002438,625
905,002439,625
906,002440,625
907,002441,625
908,002442,625
909,002443,625
910,002444,625
911,002445,625
912,002446,625
913,002447,625
914,002448,625
915,002449,625
916,002450,625
917,002451,625
918,002452,625
919,002453,625
920,002454,625
921,002455,625
922,002456,625
923,002457,625
924,002458,625
925,002459,625
926,002460,625
927,002461,625
928,002462,625
929,002463,625
930,002464,625
931,002465,625
932,002466,625
933,002467,625
934,002468,625
935,002469,625
936,002470,625
937,002471,625
938,002472,625
939,002473,625
940,002474,625
941,002475,625
942,002476,625
943,002477,625
944,002478,625
945,002479,625
946,002480,625
947,002481,625
948,002482,625
949,002483,625
950,002484,625
951,002485,625
952,002486,625
953,002487,625
954,002488,625
955,002489,625
956,002490,625
957,002491,625
958,002492,625
959,002493,625
960,002494,625
961,002495,625
962,002496,625
963,002497,625
964,002498,625
965,002499,625
966,002500,625
967,002501,625
968,002502,625
969,002503,625
970,002504,625
971,002505,625
972,002506,625
973,002507,625
974,002508,625
975,002509,625
976,002510,625
977,002511,625
978,002512,625
979,002513,625
980,002514,625
981,002515,625
982,002516,625
983,002517,625
984,002518,625
985,002519,625
986,002520,625
987,002521,625
988,002522,625
989,002523,625
990,002524,625
991,002526,625
992,002527,625
993,002528,625
994,002529,625
995,002530,625
996,002531,625
997,002532,625
998,002533,625
999,002534,625
1000,002535,625
1001,002536,625
1002,002537,625
1003,002538,625
1004,002539,625
1005,002540,625
1006,002541,625
1007,002542,625
1008,002543,625
1009,002544,625
1010,002545,625
1011,002546,625
1012,002547,625
1013,002548,625
1014,002549,625
1015,002550,625
1016,002551,625
1017,002552,625
1018,002553,625
1019,002554,625
1020,002555,625
1021,002556,625
1022,002557,625
1023,002558,625
1024,002559,625
1025,002560,625
1026,002561,625
1027,002562,625
1028,002563,625
1029,002564,625
1030,002565,625
1031,002566,625
1032,002567,625
1033,002568,625
1034,002569,625
1035,002570,625
1036,002571,625
1037,002572,625
1038,002573,625
1039,002574,625
1040,002575,625
1041,002576,625
1042,002577,625
1043,002578,625
1044,002579,625
1045,002580,625
1046,002581,625
1047,002582,625
1048,002583,625
1049,002584,625
1050,002585,625
1051,002586,625
1052,002587,625
1053,002588,625
1054,002589,625
1055,002590,625
1056,002591,625
1057,002592,625
1058,002593,625
1059,002594,625
1060,002595,625
1061,002596,625
1062,002597,625
1063,002598,625
1064,002599,625
1065,002600,625
1066,002601,625
1067,002602,625
1068,002603,625
1069,002604,625
1070,002605,625
1071,002606,625
1072,002607,625
1073,002608,625
1074,002609,625
1075,002610,625
1076,002611,625
1077,002612,625
1078,002613,625
1079,002614,625
1080,002615,625
1081,002616,625
1082,002617,625
1083,002618,625
1084,002619,625
1085,002620,625
1086,002621,625
1087,002622,625
1088,002623,625
1089,002624,625
1090,002625,625
1091,002626,625
1092,002627,625
1093,002628,625
1094,002629,625
1095,002630,625
1096,002631,625
1097,002632,625
1098,002633,625
1099,002634,625
1100,002635,625
1101,002636,625
1102,002637,625
1103,002638,625
1104,002639,625
1105,002640,625
1106,002641,625
1107,002642,625
1108,002643,625
1109,002644,625
1110,002645,625
1111,002646,625
1112,002647,625
1113,002648,625
1114,002649,625
1115,002650,625
1116,002651,625
1117,002652,625
1118,002653,625
1119,002654,625
1120,002655,625
1121,002656,625
1122,002657,625
1123,002658,625
1124,002659,625
1125,002660,625
1126,002661,625
1127,002662,625
1128,002663,625
1129,002664,625
1130,002665,625
1131,002666,625
1132,002667,625
1133,002668,625
1134,002669,625
1135,002670,625
1136,002671,625
1137,002672,625
1138,002673,625
1139,002674,625
1140,002675,625
1141,002676,625
1142,002677,625
1143,002678,625
1144,002679,625
1145,002680,625
1146,002681,625
1147,002682,625
1148,002683,625
1149,002684,625
1150,002685,625
1151,002686,625
1152,002687,625
1153,002688,625
1154,002689,625
1155,002690,625
1156,002691,625
1157,002692,625
1158,002693,625
1159,002694,625
1160,002695,625
1161,002696,625
1162,002697,625
1163,002698,625
1164,002699,625
1165,002700,625
1166,002701,625
1167,002702,625
1168,002703,625
1169,002705,374
1170,002706,374
1171,002707,372
1172,002708,374
1173,002709,372
1174,002711,370
1175,002712,372
1176,002713,358
1177,002714,369
1178,002715,358
1179,002716,369
1180,002717,358
1181,002718,369
1182,002719,369
1183,002721,370
1184,002722,369
1185,002723,368
1186,002724,184
1187,002725,368
1188,002726,271
1189,002727,267
1190,002728,246
1191,002729,216
1192,002730,202
1193,002731,184
1194,002732,161
1195,002733,163
1196,002734,126
1197,002735,163
1198,002736,145
1199,002737,144
1200,002738,144
1201,002739,129
1202,002740,129
1203,002741,112
1204,002742,111
1205,002743,111
1206,002745,111
1207,002746,112
1208,002747,93
1209,002748,94
1210,002749,93
1211,002750,91
1212,002751,69
1213,002752,71
1214,200011,625
1215,200012,625
1216,200016,625
1217,200017,625
1218,200018,625
1219,200019,625
1220,200020,625
1221,200022,625
1222,200024,625
1223,200025,625
1224,200026,625
1225,200028,625
1226,200029,625
1227,200030,625
1228,200037,625
1229,200045,625
1230,200053,625
1231,200054,625
1232,200055,625
1233,200056,625
1234,200058,625
1235,200152,625
1236,200160,625
1237,200168,625
1238,200413,625
1239,200418,625
1240,200429,625
1241,200468,625
1242,200488,625
1243,200505,625
1244,200512,625
1245,200521,625
1246,200530,625
1247,200539,625
1248,200541,625
1249,200550,625
1250,200553,625
1251,200570,625
1252,200581,625
1253,200596,625
1254,200613,625
1255,200625,625
1256,200706,625
1257,200725,625
1258,200726,625
1259,200761,625
1260,200770,607
1261,200771,625
1262,200869,625
1263,200986,625
1264,200992,625
1265,300001,625
1266,300002,625
1267,300003,625
1268,300004,625
1269,300005,625
1270,300006,625
1271,300007,625
1272,300008,625
1273,300009,625
1274,300010,625
1275,300011,625
1276,300012,625
1277,300013,625
1278,300014,625
1279,300015,625
1280,300016,625
1281,300017,625
1282,300018,625
1283,300019,625
1284,300020,625
1285,300021,625
1286,300022,625
1287,300023,625
1288,300024,625
1289,300025,625
1290,300026,625
1291,300027,625
1292,300028,625
1293,300029,625
1294,300030,625
1295,300031,625
1296,300032,625
1297,300033,625
1298,300034,625
1299,300035,625
1300,300036,625
1301,300037,625
1302,300038,625
1303,300039,625
1304,300040,625
1305,300041,625
1306,300042,625
1307,300043,625
1308,300044,625
1309,300045,625
1310,300046,625
1311,300047,625
1312,300048,625
1313,300049,625
1314,300050,625
1315,300051,625
1316,300052,625
1317,300053,625
1318,300054,625
1319,300055,625
1320,300056,625
1321,300057,625
1322,300058,625
1323,300059,625
1324,300061,625
1325,300062,625
1326,300063,625
1327,300064,625
1328,300065,625
1329,300066,625
1330,300067,625
1331,300068,625
1332,300069,625
1333,300070,625
1334,300071,625
1335,300072,625
1336,300073,625
1337,300074,625
1338,300075,625
1339,300076,625
1340,300077,625
1341,300078,625
1342,300079,625
1343,300080,625
1344,300081,625
1345,300082,625
1346,300083,625
1347,300084,625
1348,300085,625
1349,300086,625
1350,300087,625
1351,300088,625
1352,300089,625
1353,300090,625
1354,300091,625
1355,300092,625
1356,300093,625
1357,300094,625
1358,300095,625
1359,300096,625
1360,300097,625
1361,300098,625
1362,300099,625
1363,300100,625
1364,300101,625
1365,300102,625
1366,300103,625
1367,300104,625
1368,300105,625
1369,300106,625
1370,300107,625
1371,300108,625
1372,300109,625
1373,300110,625
1374,300111,625
1375,300112,625
1376,300113,625
1377,300114,625
1378,300115,625
1379,300116,625
1380,300117,625
1381,300118,625
1382,300119,625
1383,300120,625
1384,300121,625
1385,300122,625
1386,300123,625
1387,300124,625
1388,300125,625
1389,300126,625
1390,300127,625
1391,300128,625
1392,300129,625
1393,300130,625
1394,300131,625
1395,300132,625
1396,300133,625
1397,300134,625
1398,300135,625
1399,300136,625
1400,300137,625
1401,300138,625
1402,300139,625
1403,300140,625
1404,300141,625
1405,300142,625
1406,300143,625
1407,300144,625
1408,300145,625
1409,300146,625
1410,300147,625
1411,300148,625
1412,300149,625
1413,300150,625
1414,300151,625
1415,300152,625
1416,300153,625
1417,300154,625
1418,300155,625
1419,300156,625
1420,300157,625
1421,300158,625
1422,300159,625
1423,300160,625
1424,300161,625
1425,300162,625
1426,300163,625
1427,300164,625
1428,300165,625
1429,300166,625
1430,300167,625
1431,300168,625
1432,300169,625
1433,300170,625
1434,300171,625
1435,300172,625
1436,300173,625
1437,300174,625
1438,300175,625
1439,300176,625
1440,300177,625
1441,300178,625
1442,300179,625
1443,300180,625
1444,300181,625
1445,300182,625
1446,300183,625
1447,300184,625
1448,300185,625
1449,300186,625
1450,300187,625
1451,300188,625
1452,300189,625
1453,300190,625
1454,300191,625
1455,300192,625
1456,300193,625
1457,300194,625
1458,300195,625
1459,300196,625
1460,300197,625
1461,300198,625
1462,300199,625
1463,300200,625
1464,300201,625
1465,300202,625
1466,300203,625
1467,300204,625
1468,300205,625
1469,300206,625
1470,300207,625
1471,300208,625
1472,300209,625
1473,300210,625
1474,300211,625
1475,300212,625
1476,300213,625
1477,300214,625
1478,300215,625
1479,300216,625
1480,300217,625
1481,300218,625
1482,300219,625
1483,300220,625
1484,300221,625
1485,300222,625
1486,300223,625
1487,300224,625
1488,300225,625
1489,300226,625
1490,300227,625
1491,300228,625
1492,300229,625
1493,300230,625
1494,300231,625
1495,300232,625
1496,300233,625
1497,300234,625
1498,300235,625
1499,300236,625
1500,300237,625
1501,300238,625
1502,300239,625
1503,300240,625
1504,300241,625
1505,300242,625
1506,300243,625
1507,300244,625
1508,300245,625
1509,300246,625
1510,300247,625
1511,300248,625
1512,300249,625
1513,300250,625
1514,300251,625
1515,300252,625
1516,300253,625
1517,300254,625
1518,300255,625
1519,300256,625
1520,300257,625
1521,300258,625
1522,300259,625
1523,300260,625
1524,300261,625
1525,300262,625
1526,300263,625
1527,300264,625
1528,300265,625
1529,300266,625
1530,300267,625
1531,300268,625
1532,300269,625
1533,300270,625
1534,300271,625
1535,300272,625
1536,300273,625
1537,300274,625
1538,300275,625
1539,300276,625
1540,300277,625
1541,300278,625
1542,300279,625
1543,300280,625
1544,300281,625
1545,300282,625
1546,300283,625
1547,300284,625
1548,300285,625
1549,300286,625
1550,300287,625
1551,300288,625
1552,300289,625
1553,300290,625
1554,300291,625
1555,300292,625
1556,300293,625
1557,300294,625
1558,300295,625
1559,300296,625
1560,300297,625
1561,300298,625
1562,300299,625
1563,300300,625
1564,300301,625
1565,300302,625
1566,300303,625
1567,300304,625
1568,300305,625
1569,300306,625
1570,300307,625
1571,300308,625
1572,300309,625
1573,300310,625
1574,300311,625
1575,300312,625
1576,300313,625
1577,300314,625
1578,300315,625
1579,300316,625
1580,300317,625
1581,300318,625
1582,300319,625
1583,300320,625
1584,300321,625
1585,300322,625
1586,300323,625
1587,300324,625
1588,300325,625
1589,300326,625
1590,300327,625
1591,300328,625
1592,300329,625
1593,300330,625
1594,300331,625
1595,300332,625
1596,300333,625
1597,300334,625
1598,300335,625
1599,300336,625
1600,300337,625
1601,300338,625
1602,300339,625
1603,300340,625
1604,300341,625
1605,300342,625
1606,300343,625
1607,300344,625
1608,300345,625
1609,300346,625
1610,300347,625
1611,300348,625
1612,300349,625
1613,300350,625
1614,300351,625
1615,300352,625
1616,300353,625
1617,300354,625
1618,300355,625
1619,300356,625
1620,300357,374
1621,300358,374
1622,300359,374
1623,300360,374
1624,300362,374
1625,300363,368
1626,300364,130
1627,300365,372
1628,300366,370
1629,300367,368
1630,300368,372
1631,300369,368
1632,300370,372
1633,300371,372
1634,300372,370
1635,300373,372
1636,300374,94
1637,300375,370
1638,300376,370
1639,300377,370
1640,300378,370
1641,300379,369
1642,300380,369
1643,300381,369
1644,300382,368
1645,300383,368
1646,300384,245
1647,300385,271
1648,300386,271
1649,300387,267
1650,300388,245
1651,300389,245
1652,300390,246
1653,300391,245
1654,300392,218
1655,300393,216
1656,300394,111
1657,300395,218
1658,300396,218
1659,300397,218
1660,300398,202
1661,300399,202
1662,300400,201
1663,300401,202
1664,300402,201
1665,300403,187
1666,300404,69
1667,300405,187
1668,300406,187
1669,300407,163
1670,300408,163
1671,300409,163
1672,300410,143
1673,300411,143
1674,300412,143
1675,300413,130
1676,300414,57
1677,300415,128
1678,300416,129
1679,300417,128
1680,300418,130
1681,300419,129
1682,300420,111
1683,300421,111
1684,300422,111
1685,300423,111
1686,300424,71
1687,300425,112
1688,300426,111
1689,300427,111
1690,300428,94
1691,300429,91
1692,300430,94
1693,300431,91
1694,300432,94
1695,300433,95
1696,300434,69
1697,300435,89
1698,300436,71
1699,300437,70
1700,300438,69
1701,300439,71
1702,300440,70
1703,300441,70
1704,300442,69
1705,300443,71
1706,300444,70
1707,300445,69
1708,300446,70
1709,300447,71
1710,300448,69
1711,300449,71
1712,600000,625
1713,600004,625
1714,600005,625
1715,600006,625
1716,600007,625
1717,600008,625
1718,600009,625
1719,600010,625
1720,600011,625
1721,600012,625
1722,600015,625
1723,600016,625
1724,600017,625
1725,600018,625
1726,600019,625
1727,600020,625
1728,600021,625
1729,600022,625
1730,600023,396
1731,600026,625
1732,600027,625
1733,600028,625
1734,600029,625
1735,600030,625
1736,600031,625
1737,600033,625
1738,600035,625
1739,600036,625
1740,600037,625
1741,600038,625
1742,600039,625
1743,600048,625
1744,600050,625
1745,600051,625
1746,600052,625
1747,600053,625
1748,600054,625
1749,600055,625
1750,600056,625
1751,600057,625
1752,600058,625
1753,600059,625
1754,600060,625
1755,600061,625
1756,600062,625
1757,600063,625
1758,600064,625
1759,600066,625
1760,600067,625
1761,600068,625
1762,600069,625
1763,600070,625
1764,600071,625
1765,600072,625
1766,600073,625
1767,600074,625
1768,600075,625
1769,600076,625
1770,600077,625
1771,600078,625
1772,600079,625
1773,600080,625
1774,600081,625
1775,600082,625
1776,600083,625
1777,600084,625
1778,600085,625
1779,600086,625
1780,600088,625
1781,600089,625
1782,600090,625
1783,600091,625
1784,600093,625
1785,600094,625
1786,600095,625
1787,600096,625
1788,600097,625
1789,600098,625
1790,600099,625
1791,600100,625
1792,600101,625
1793,600103,625
1794,600104,625
1795,600105,625
1796,600106,625
1797,600107,625
1798,600108,625
1799,600109,625
1800,600110,625
1801,600111,625
1802,600112,625
1803,600113,625
1804,600114,625
1805,600115,625
1806,600116,625
1807,600117,625
1808,600118,625
1809,600119,625
1810,600120,625
1811,600121,625
1812,600122,625
1813,600123,625
1814,600125,625
1815,600126,625
1816,600127,625
1817,600128,625
1818,600129,625
1819,600130,625
1820,600131,625
1821,600132,625
1822,600133,625
1823,600135,625
1824,600136,625
1825,600137,625
1826,600138,625
1827,600139,625
1828,600141,625
1829,600143,625
1830,600145,625
1831,600146,625
1832,600148,625
1833,600149,625
1834,600150,625
1835,600151,625
1836,600152,625
1837,600153,625
1838,600155,625
1839,600156,625
1840,600157,625
1841,600158,625
1842,600159,625
1843,600160,625
1844,600161,625
1845,600162,625
1846,600163,625
1847,600165,625
1848,600166,625
1849,600167,625
1850,600168,625
1851,600169,625
1852,600170,625
1853,600171,625
1854,600172,625
1855,600173,625
1856,600175,625
1857,600176,625
1858,600177,625
1859,600178,625
1860,600179,625
1861,600180,625
1862,600182,625
1863,600183,625
1864,600184,625
1865,600185,625
1866,600186,625
1867,600187,625
1868,600188,625
1869,600189,625
1870,600190,625
1871,600191,625
1872,600192,625
1873,600193,625
1874,600195,625
1875,600196,625
1876,600197,625
1877,600198,625
1878,600199,625
1879,600200,625
1880,600201,625
1881,600202,625
1882,600203,625
1883,600206,625
1884,600207,625
1885,600208,625
1886,600209,625
1887,600210,625
1888,600211,625
1889,600212,625
1890,600213,625
1891,600215,625
1892,600216,625
1893,600217,625
1894,600218,625
1895,600219,625
1896,600220,625
1897,600221,625
1898,600222,625
1899,600223,625
1900,600225,625
1901,600226,625
1902,600227,625
1903,600228,625
1904,600229,625
1905,600230,625
1906,600231,625
1907,600232,625
1908,600233,625
1909,600234,625
1910,600235,625
1911,600236,625
1912,600237,625
1913,600238,625
1914,600239,625
1915,600240,625
1916,600241,625
1917,600242,625
1918,600243,625
1919,600246,625
1920,600247,625
1921,600248,625
1922,600249,625
1923,600250,625
1924,600251,625
1925,600252,625
1926,600255,625
1927,600256,625
1928,600257,625
1929,600258,625
1930,600259,625
1931,600260,625
1932,600261,625
1933,600262,625
1934,600265,625
1935,600266,625
1936,600267,625
1937,600268,625
1938,600269,625
1939,600270,625
1940,600271,625
1941,600272,625
1942,600273,625
1943,600275,625
1944,600276,625
1945,600277,625
1946,600278,625
1947,600279,625
1948,600280,625
1949,600281,625
1950,600282,625
1951,600283,625
1952,600284,625
1953,600285,625
1954,600287,625
1955,600288,625
1956,600289,625
1957,600290,625
1958,600291,625
1959,600292,625
1960,600293,625
1961,600295,625
1962,600297,625
1963,600298,625
1964,600299,625
1965,600300,625
1966,600301,625
1967,600302,625
1968,600303,625
1969,600305,625
1970,600306,625
1971,600307,625
1972,600308,625
1973,600309,625
1974,600310,625
1975,600311,625
1976,600312,625
1977,600313,625
1978,600315,625
1979,600316,625
1980,600317,625
1981,600318,625
1982,600319,625
1983,600320,625
1984,600321,625
1985,600322,625
1986,600323,625
1987,600325,625
1988,600326,625
1989,600327,625
1990,600328,625
1991,600329,625
1992,600330,625
1993,600331,625
1994,600332,625
1995,600333,625
1996,600335,625
1997,600336,625
1998,600337,625
1999,600338,625
2000,600339,625
2001,600340,625
2002,600343,625
2003,600345,625
2004,600346,625
2005,600348,625
2006,600350,625
2007,600351,625
2008,600352,625
2009,600353,625
2010,600354,625
2011,600355,625
2012,600356,625
2013,600358,625
2014,600359,625
2015,600360,625
2016,600361,625
2017,600362,625
2018,600363,625
2019,600365,625
2020,600366,625
2021,600367,625
2022,600368,625
2023,600369,625
2024,600370,625
2025,600371,625
2026,600372,625
2027,600373,625
2028,600375,625
2029,600376,625
2030,600377,625
2031,600378,625
2032,600379,625
2033,600380,625
2034,600381,625
2035,600382,625
2036,600383,625
2037,600385,609
2038,600386,625
2039,600387,625
2040,600388,625
2041,600389,625
2042,600390,625
2043,600391,625
2044,600392,625
2045,600393,625
2046,600395,625
2047,600396,625
2048,600397,625
2049,600398,625
2050,600399,625
2051,600400,625
2052,600401,625
2053,600403,625
2054,600405,625
2055,600406,625
2056,600408,625
2057,600409,625
2058,600410,625
2059,600415,625
2060,600416,625
2061,600418,625
2062,600419,625
2063,600420,625
2064,600421,625
2065,600422,625
2066,600423,625
2067,600425,625
2068,600426,625
2069,600428,625
2070,600429,625
2071,600432,625
2072,600433,625
2073,600435,625
2074,600436,625
2075,600438,625
2076,600439,625
2077,600444,625
2078,600446,625
2079,600448,625
2080,600449,625
2081,600452,625
2082,600455,625
2083,600456,625
2084,600458,625
2085,600459,625
2086,600460,625
2087,600461,625
2088,600462,625
2089,600463,625
2090,600466,625
2091,600467,625
2092,600468,625
2093,600469,625
2094,600470,625
2095,600475,625
2096,600476,625
2097,600477,625
2098,600478,625
2099,600479,625
2100,600480,625
2101,600481,625
2102,600482,625
2103,600483,625
2104,600485,625
2105,600486,625
2106,600487,625
2107,600488,625
2108,600489,625
2109,600490,625
2110,600491,625
2111,600493,625
2112,600495,625
2113,600496,625
2114,600497,625
2115,600498,625
2116,600499,625
2117,600500,625
2118,600501,625
2119,600502,625
2120,600503,625
2121,600505,625
2122,600506,625
2123,600507,625
2124,600508,625
2125,600509,625
2126,600510,625
2127,600511,625
2128,600512,625
2129,600513,625
2130,600515,625
2131,600516,625
2132,600517,625
2133,600518,625
2134,600519,625
2135,600520,625
2136,600521,625
2137,600522,625
2138,600523,625
2139,600525,625
2140,600526,625
2141,600527,625
2142,600528,625
2143,600529,625
2144,600530,625
2145,600531,625
2146,600532,625
2147,600533,625
2148,600535,625
2149,600536,625
2150,600537,625
2151,600538,625
2152,600539,625
2153,600540,625
2154,600543,625
2155,600545,625
2156,600546,625
2157,600547,625
2158,600548,625
2159,600549,625
2160,600550,625
2161,600551,625
2162,600552,625
2163,600555,625
2164,600556,625
2165,600557,625
2166,600558,625
2167,600559,625
2168,600560,625
2169,600561,625
2170,600562,625
2171,600563,625
2172,600565,625
2173,600566,625
2174,600567,625
2175,600568,625
2176,600569,625
2177,600570,625
2178,600571,625
2179,600572,625
2180,600573,625
2181,600575,625
2182,600576,625
2183,600577,625
2184,600578,625
2185,600579,625
2186,600580,625
2187,600581,625
2188,600582,625
2189,600583,625
2190,600584,625
2191,600585,625
2192,600586,625
2193,600587,625
2194,600588,625
2195,600589,625
2196,600590,625
2197,600592,625
2198,600593,625
2199,600594,625
2200,600595,625
2201,600596,625
2202,600597,625
2203,600598,625
2204,600599,625
2205,600600,625
2206,600601,625
2207,600602,625
2208,600603,625
2209,600604,625
2210,600605,625
2211,600606,625
2212,600608,625
2213,600609,625
2214,600610,625
2215,600611,625
2216,600612,625
2217,600613,625
2218,600614,625
2219,600615,625
2220,600616,625
2221,600617,625
2222,600618,625
2223,600619,625
2224,600620,625
2225,600621,625
2226,600622,625
2227,600623,625
2228,600624,625
2229,600626,625
2230,600628,625
2231,600629,625
2232,600630,625
2233,600633,625
2234,600634,625
2235,600635,625
2236,600636,625
2237,600637,625
2238,600638,625
2239,600639,625
2240,600640,625
2241,600641,625
2242,600642,625
2243,600643,625
2244,600644,625
2245,600645,625
2246,600647,625
2247,600648,625
2248,600649,625
2249,600650,625
2250,600651,625
2251,600652,625
2252,600653,625
2253,600654,625
2254,600655,625
2255,600656,625
2256,600657,625
2257,600658,625
2258,600660,625
2259,600661,625
2260,600662,625
2261,600663,625
2262,600664,625
2263,600665,625
2264,600666,625
2265,600667,625
2266,600668,625
2267,600671,625
2268,600673,625
2269,600674,625
2270,600675,625
2271,600676,625
2272,600677,625
2273,600678,625
2274,600679,625
2275,600680,0
2276,600681,625
2277,600682,625
2278,600683,625
2279,600684,625
2280,600685,625
2281,600686,625
2282,600687,625
2283,600688,625
2284,600689,625
2285,600690,625
2286,600691,625
2287,600692,625
2288,600693,625
2289,600694,625
2290,600695,625
2291,600696,625
2292,600697,625
2293,600698,625
2294,600699,625
2295,600701,625
2296,600702,625
2297,600703,625
2298,600704,625
2299,600705,625
2300,600706,625
2301,600707,625
2302,600708,625
2303,600710,625
2304,600711,625
2305,600712,625
2306,600713,625
2307,600714,625
2308,600715,625
2309,600716,625
2310,600717,625
2311,600718,625
2312,600719,625
2313,600720,625
2314,600721,625
2315,600722,625
2316,600723,625
2317,600724,625
2318,600725,625
2319,600726,625
2320,600727,625
2321,600728,625
2322,600729,625
2323,600730,625
2324,600731,625
2325,600732,625
2326,600733,625
2327,600734,625
2328,600735,625
2329,600736,625
2330,600737,625
2331,600738,625
2332,600739,625
2333,600740,625
2334,600741,625
2335,600742,625
2336,600743,625
2337,600744,625
2338,600745,625
2339,600746,625
2340,600747,625
2341,600748,625
2342,600749,625
2343,600750,625
2344,600751,625
2345,600753,625
2346,600754,625
2347,600755,625
2348,600756,625
2349,600757,625
2350,600758,625
2351,600759,625
2352,600760,625
2353,600761,625
2354,600763,625
2355,600764,625
2356,600765,625
2357,600766,625
2358,600767,625
2359,600768,625
2360,600769,625
2361,600770,625
2362,600771,625
2363,600773,625
2364,600774,625
2365,600775,625
2366,600776,625
2367,600777,625
2368,600778,625
2369,600779,625
2370,600780,625
2371,600781,625
2372,600782,625
2373,600783,625
2374,600784,625
2375,600785,625
2376,600787,625
2377,600789,625
2378,600790,625
2379,600791,625
2380,600792,625
2381,600793,625
2382,600794,625
2383,600795,625
2384,600796,625
2385,600797,625
2386,600798,625
2387,600800,625
2388,600801,625
2389,600802,625
2390,600803,625
2391,600804,625
2392,600805,625
2393,600806,625
2394,600807,625
2395,600808,625
2396,600809,625
2397,600810,625
2398,600811,625
2399,600812,625
2400,600814,625
2401,600815,625
2402,600816,625
2403,600817,625
2404,600818,625
2405,600819,625
2406,600820,625
2407,600821,625
2408,600822,625
2409,600823,625
2410,600824,625
2411,600825,625
2412,600826,625
2413,600827,625
2414,600828,625
2415,600829,625
2416,600830,625
2417,600831,625
2418,600832,574
2419,600833,625
2420,600834,625
2421,600835,625
2422,600836,625
2423,600837,625
2424,600838,625
2425,600839,625
2426,600841,625
2427,600843,625
2428,600844,625
2429,600845,625
2430,600846,625
2431,600847,625
2432,600848,625
2433,600850,625
2434,600851,625
2435,600853,625
2436,600854,625
2437,600855,625
2438,600856,625
2439,600857,625
2440,600858,625
2441,600859,625
2442,600860,625
2443,600861,625
2444,600862,625
2445,600863,625
2446,600864,625
2447,600865,625
2448,600866,625
2449,600867,625
2450,600868,625
2451,600869,625
2452,600870,625
2453,600871,625
2454,600872,625
2455,600873,625
2456,600874,625
2457,600875,625
2458,600876,625
2459,600877,625
2460,600879,625
2461,600880,625
2462,600881,625
2463,600882,625
2464,600883,625
2465,600884,625
2466,600885,625
2467,600886,625
2468,600887,625
2469,600888,625
2470,600889,625
2471,600890,625
2472,600891,625
2473,600892,625
2474,600893,625
2475,600894,625
2476,600895,625
2477,600896,625
2478,600897,625
2479,600898,625
2480,600900,625
2481,600917,204
2482,600958,92
2483,600959,67
2484,600960,625
2485,600961,625
2486,600962,625
2487,600963,625
2488,600965,625
2489,600966,625
2490,600967,625
2491,600969,625
2492,600970,625
2493,600971,625
2494,600973,625
2495,600975,625
2496,600976,625
2497,600978,625
2498,600979,625
2499,600980,625
2500,600981,625
2501,600982,625
2502,600983,625
2503,600984,625
2504,600985,625
2505,600986,625
2506,600987,625
2507,600988,625
2508,600990,625
2509,600992,625
2510,600993,625
2511,600995,625
2512,600997,625
2513,600998,625
2514,600999,625
2515,601000,625
2516,601001,625
2517,601002,625
2518,601003,625
2519,601005,625
2520,601006,625
2521,601007,625
2522,601008,625
2523,601009,625
2524,601010,625
2525,601011,625
2526,601012,625
2527,601015,183
2528,601016,205
2529,601018,625
2530,601021,130
2531,601028,625
2532,601038,625
2533,601058,625
2534,601069,129
2535,601088,625
2536,601098,625
2537,601099,625
2538,601100,625
2539,601101,625
2540,601106,625
2541,601107,625
2542,601111,625
2543,601113,625
2544,601116,625
2545,601117,625
2546,601118,625
2547,601126,625
2548,601137,625
2549,601139,625
2550,601158,625
2551,601166,625
2552,601168,625
2553,601169,625
2554,601177,625
2555,601179,625
2556,601186,625
2557,601188,625
2558,601198,109
2559,601199,625
2560,601208,625
2561,601216,625
2562,601218,625
2563,601222,625
2564,601225,369
2565,601226,157
2566,601231,625
2567,601233,625
2568,601238,625
2569,601258,625
2570,601268,574
2571,601288,625
2572,601299,574
2573,601311,625
2574,601313,625
2575,601318,625
2576,601328,625
2577,601333,625
2578,601336,625
2579,601339,625
2580,601369,625
2581,601377,625
2582,601388,625
2583,601390,625
2584,601398,625
2585,601515,625
2586,601518,625
2587,601519,625
2588,601555,625
2589,601558,625
2590,601566,625
2591,601567,625
2592,601579,229
2593,601588,625
2594,601599,625
2595,601600,625
2596,601601,625
2597,601607,625
2598,601608,625
2599,601616,625
2600,601618,625
2601,601628,625
2602,601633,625
2603,601636,625
2604,601666,625
2605,601668,625
2606,601669,625
2607,601677,625
2608,601678,625
2609,601688,625
2610,601689,94
2611,601699,625
2612,601700,625
2613,601717,625
2614,601718,625
2615,601727,625
2616,601766,625
2617,601777,625
2618,601788,625
2619,601789,625
2620,601798,625
2621,601799,625
2622,601800,625
2623,601801,625
2624,601808,625
2625,601818,625
2626,601857,625
2627,601866,625
2628,601872,625
2629,601877,625
2630,601880,625
2631,601886,625
2632,601888,625
2633,601890,625
2634,601898,625
2635,601899,625
2636,601901,625
2637,601908,625
2638,601918,625
2639,601919,625
2640,601928,625
2641,601929,625
2642,601933,625
2643,601939,625
2644,601958,625
2645,601965,625
2646,601969,159
2647,601988,625
2648,601989,625
2649,601991,625
2650,601992,625
2651,601996,625
2652,601998,625
2653,601999,625
2654,603000,625
2655,603001,625
2656,603002,625
2657,603003,625
2658,603005,365
2659,603006,269
2660,603008,625
2661,603009,255
2662,603010,201
2663,603011,181
2664,603012,93
2665,603015,106
2666,603017,143
2667,603018,200
2668,603019,182
2669,603020,90
2670,603021,70
2671,603025,71
2672,603030,93
2673,603077,625
2674,603088,179
2675,603099,230
2676,603100,243
2677,603111,245
2678,603118,110
2679,603123,625
2680,603126,246
2681,603128,625
2682,603158,93
2683,603166,167
2684,603167,625
2685,603168,267
2686,603169,202
2687,603188,219
2688,603199,89
2689,603222,111
2690,603268,94
2691,603288,364
2692,603306,206
2693,603308,373
2694,603309,107
2695,603315,69
2696,603318,69
2697,603328,268
2698,603333,625
2699,603338,90
2700,603355,57
2701,603366,625
2702,603368,162
2703,603369,266
2704,603399,625
2705,603456,201
2706,603518,163
2707,603519,94
2708,603555,371
2709,603558,126
2710,603567,69
2711,603588,145
2712,603599,57
2713,603600,128
2714,603601,129
2715,603606,198
2716,603609,240
2717,603611,125
2718,603618,111
2719,603636,144
2720,603678,127
2721,603686,127
2722,603688,186
2723,603698,125
2724,603699,376
2725,603703,70
2726,603729,91
2727,603766,625
2728,603788,131
2729,603789,68
2730,603799,124
2731,603806,220
2732,603808,71
2733,603818,71
2734,603828,109
2735,603869,89
2736,603883,70
2737,603889,143
2738,603898,111
2739,603899,126
2740,603939,111
2741,603969,108
2742,603988,184
2743,603993,625
2744,603997,107
2745,603998,161
2746,900901,625
2747,900902,625
2748,900903,625
2749,900904,625
2750,900905,625
2751,900906,625
2752,900907,625
2753,900908,625
2754,900909,625
2755,900910,625
2756,900911,625
2757,900912,625
2758,900913,625
2759,900914,625
2760,900915,625
2761,900916,625
2762,900917,625
2763,900918,625
2764,900919,625
2765,900920,625
2766,900921,625
2767,900922,625
2768,900923,625
2769,900924,625
2770,900925,625
2771,900926,625
2772,900927,625
2773,900928,625
2774,900929,625
2775,900930,625
2776,900932,625
2777,900933,625
2778,900934,625
2779,900935,625
2780,900936,625
2781,900937,625
2782,900938,625
2783,900939,625
2784,900940,625
2785,900941,625
2786,900942,625
2787,900943,625
2788,900945,625
2789,900946,625
2790,900947,625
2791,900948,625
2792,900950,625
2793,900951,625
2794,900952,625
2795,900953,625
2796,900955,625
2797,900956,625
2798,900957,625
2799,system.indexes,5598
